순번,법령명,지역명,제정·개정구분,법령종류,공포번호,공포일자,시행일자,부서
1,가평군 사회적경제 육성 및 지원 조례,가평군,제정,조례,제2928호,2021. 9. 29.,2021. 9. 29.,일자리경제과
2,강릉시 사회적경제 육성 및 지원에 관한 조례,강릉시,일부개정,조례,제1241호,2017. 12. 20.,2017. 12. 20.,일자리경제과
3,강원도교육청 사회적경제기업 제품 구매 촉진에 관한 조례,강원도교육청,제정,조례,제4359호,2019. 3. 8.,2019. 3. 8.,행정과
4,강원도교육청 사회적경제기업 활성화 협의회 구성 및 운영 규칙,강원도교육청,제정,규칙,제824호,2019. 12. 20.,2019. 12. 20.,행정과
5,강원도 사회적경제 육성 지원에 관한 조례,강원도,일부개정,조례,제4552호,2020. 5. 15.,2020. 5. 15.,
6,강원도 사회적경제 육성 지원에 관한 조례 시행규칙,강원도,일부개정,규칙,제3085호,2017. 9. 29.,2017. 9. 29.,
7,강진군 사회적경제 육성 및 지원에 관한 조례,강진군,일부개정,조례,제2469호,2019. 12. 19.,2019. 12. 19.,일자리창출과
8,거제시 사회적경제기업 제품 구매촉진 및 판로지원에 관한 조례,거제시,제정,조례,제1750호,2020. 6. 25.,2020. 6. 25.,생활경제과
9,거창군 사회적경제 활성화 및 지원에 관한 조례,거창군,제정,조례,제2608호,2020. 11. 25.,2020. 11. 25.,경제교통과
10,경기도교육청 사회적경제 교육 활성화 조례,경기도교육청,제정,조례,제7163호,2021. 10. 6.,2021. 10. 6.,학부모시민협력과
11,경기도 사회적경제기금 설치 및 운영 조례,경기도,일부개정,조례,제6838호,2020. 12. 31.,2020. 12. 31.,사회적경제과
12,경기도 사회적경제 육성 지원에 관한 조례,경기도,일부개정,조례,제6370호,2019. 11. 12.,2019. 11. 12.,
13,경기도 사회적경제 육성 지원에 관한 조례 시행규칙,경기도,일부개정,규칙,제3927호,2020. 8. 10.,2020. 8. 10.,사회적경제과
14,경산시 사회적경제 육성 및 지원에 관한 조례,경산시,일부개정,조례,제1173호,2019. 12. 12.,2019. 12. 12.,일자리경제과
15,경상남도교육청 사회적경제기업 제품 구매촉진에 관한 조례,경상남도교육청,제정,조례,제4793호,2020. 6. 4.,2020. 6. 4.,재정과
16,경상남도 사회적경제기금 설치 및 운용 조례,경상남도,제정,조례,제4819호,2020. 6. 25.,2020. 6. 25.,사회적경제추진단
17,경상남도 사회적경제기업 제품 구매촉진 및 판로개척 지원에 관한 조례,경상남도,제정,조례,제4731호,2020. 2. 6.,2020. 2. 6.,사회적경제추진단
18,경상남도 사회적경제 육성 및 지원에 관한 조례,경상남도,일부개정,조례,제5010호,2021. 8. 5.,2021. 8. 5.,사회적경제추진단
19,경상북도교육청 사회적경제기업 제품 구매촉진에 관한 조례,경상북도교육청,일부개정,조례,제4275호,2019. 12. 26.,2019. 12. 26.,재무정보과
20,경상북도 사회적경제기업 제품 구매촉진 및 판로지원에 관한 조례,경상북도,제정,조례,제4473호,2021. 4. 1.,2021. 4. 1.,
21,경상북도 사회적경제 육성 및 지원에 관한 조례,경상북도,일부개정,조례,제4473호,2021. 4. 1.,2021. 4. 1.,
22,경상북도 사회적경제 육성 및 지원에 관한 조례 시행규칙,경상북도,제정,규칙,제2891호,2018. 3. 8.,2018. 3. 8.,
23,경주시 사회적경제 육성 및 지원에 관한 조례,경주시,전부개정,조례,제1551호,2021. 9. 23.,2021. 9. 23.,일자리창출과
24,고성군 사회적경제 육성 및 지원에 관한 조례,고성군,일부개정,조례,제2643호,2021. 6. 4.,2021. 6. 4.,군정혁신담당관
25,고양시 사회적경제 기업 제품구매 촉진 및 판로지원에 관한 조례,고양시,제정,조례,제1917호,2017. 11. 14.,2017. 11. 14.,소상공인지원과
26,고양시 사회적경제 육성 및 지원에 관한 조례,고양시,일부개정,조례,제2213호,2020. 1. 7.,2020. 1. 7.,소상공인지원과
27,고창군 사회적경제 활성화 기본조례,고창군,제정,조례,제2513호,2020. 7. 15.,2020. 7. 15.,농어촌식품과
28,고흥군 사회적경제 육성 및 지원에 관한 조례,고흥군,일부개정,조례,제2876호,2021. 12. 6.,2021. 12. 6.,인구정책과
29,곡성군 사회적경제 육성과 지원에 관한 조례,곡성군,일부개정,조례,제2312호,2019. 12. 27.,2019. 12. 27.,인구정책과
30,공주시 사회적경제 육성 및 지원에 관한 조례,공주시,일부개정,조례,제1362호,2020. 9. 21.,2020. 9. 21.,주민공동체과
31,과천시 사회적경제 육성 및 지원에 관한 조례,과천시,일부개정,조례,제1747호,2021. 4. 28.,2021. 4. 28.,경제복지국 일자리경제과
32,광명시 사회적경제제품 구매촉진 및 판로지원에 관한 조례,광명시,일부개정,조례,제2493호,2019. 6. 25.,2019. 6. 25.,사회적경제과
33,광양시 사회적경제 육성 및 지원에 관한 조례,광양시,일부개정,조례,제1766호,2020. 11. 11.,2020. 11. 11.,투자일자리과
34,광주광역시 광산구 사회적경제 육성 지원에 관한 조례,광산구,일부개정,조례,제1513호,2020. 6. 10.,2020. 6. 10.,일자리정책과
35,광주광역시교육청 사회적경제 활성화 지원 조례,광주광역시교육청,전부개정,조례,제5007호,2017. 12. 15.,2018. 1. 1.,시민참여담당관
36,광주광역시 남구 사회적경제 육성지원에 관한 조례,남구,일부개정,조례,제1019호,2017. 12. 29.,2017. 12. 29.,지역경제과
37,광주광역시 동구 사회적경제 육성지원에 관한 조례,동구,일부개정,조례,제1215호,2017. 11. 24.,2017. 11. 24.,도시재생과
38,광주광역시 북구 사회적경제 육성지원에 관한 조례,북구,일부개정,조례,제1735호,2022. 1. 5.,2022. 1. 13.,
39,광주광역시 사회적경제기업 제품 구매촉진 및 판로지원에 관한 조례,광주광역시,일부개정,조례,제5566호,2020. 11. 10.,2020. 11. 10.,
40,광주광역시 사회적경제활동 지원 조례,광주광역시,일부개정,조례,제5573호,2020. 11. 13.,2020. 11. 13.,
41,광주광역시 서구 사회적경제 육성지원에 관한 조례,서구,일부개정,조례,제1347호,2018. 2. 9.,2018. 2. 9.,
42,광주광역시 서구 사회적경제제품 구매촉진 및 판로지원에 관한 조례,서구,일부개정,조례,제1347호,2018. 2. 9.,2018. 2. 9.,
43,광주시 사회적경제 활성화 지원에 관한 조례,광주시,일부개정,조례,제1241호,2021. 1. 4.,2021. 1. 4.,일자리경제과
44,구례군 사회적경제 육성 및 지원에 관한 조례,구례군,제정,조례,제2276호,2018. 12. 31.,2018. 12. 31.,투자경제과
45,구리시 사회적경제 육성 및 지원에 관한 조례,구리시,일부개정,조례,제1894호,2021. 3. 12.,2021. 3. 12.,산업지원과
46,구미시 사회적경제기업 제품 구매촉진 및 판로지원에 관한 조례,구미시,제정,조례,제1411호,2019. 10. 14.,2019. 10. 14.,
47,구미시 사회적경제 육성 및 지원에 관한 조례,구미시,일부개정,조례,제1519호,2021. 5. 24.,2021. 7. 1.,
48,군산시 사회적경제 활성화 기본 조례,군산시,일부개정,조례,제1746호,2020. 8. 4.,2020. 8. 4.,일자리정책과
49,군위군 사회적경제 육성 및 지원에 관한 조례,군위군,일부개정,조례,제1988호,2019. 5. 9.,2019. 5. 9.,경제과
50,군포시 사회적경제 육성 지원에 관한 조례,군포시,전부개정,조례,제1904호,2021. 9. 30.,2021. 9. 30.,자치분권과
51,김천시 사회적경제 육성 및 지원에 관한 조례,김천시,제정,조례,제1151호,2017. 12. 28.,2017. 12. 28.,일자리경제과
52,김포시 사회적경제 기본 조례,김포시,일부개정,조례,제1735호,2020. 9. 29.,2020. 9. 29.,주민협치담당관
53,김포시 사회적경제제품 구매촉진 및 판로지원에 관한 조례,김포시,제정,조례,제1144호,2014. 10. 10.,2014. 10. 10.,주민협치담당관
54,김해시 사회적경제 육성 및 지원 조례,김해시,전부개정,조례,제1731호,2021. 10. 29.,2021. 10. 29.,일자리정책과
55,나주시 사회적 경제 활성화 지원에 관한 조례,나주시,일부개정,조례,제1596호,2020. 3. 6.,2020. 3. 6.,일자리경제과
56,남동구 사회적경제 육성 및 지원에 관한 조례,남동구,일부개정,조례,제1710호,2020. 8. 7.,2020. 8. 7.,일자리정책과
57,남동구 사회적경제 육성 및 지원에 관한 조례 시행규칙,남동구,일부개정,규칙,제1014호,2019. 11. 15.,2019. 11. 15.,일자리정책과
58,남양주시 사회적경제 육성 및 지원 조례,남양주시,전부개정,조례,제1655호,2019. 7. 1.,2019. 7. 1.,일자리복지과
59,남원시 사회적경제 육성 및 지원에 관한 조례,남원시,제정,조례,제1577호,2020. 5. 22.,2020. 5. 22.,일자리경제과
60,남해군 사회적경제 육성 및 지원에 관한 조례,남해군,일부개정,조례,제2549호,2021. 8. 9.,2021. 8. 9.,지역활성과
61,논산시 사회적경제 활성화에 관한 조례,논산시,일부개정,조례,제1477호,2021. 6. 10.,2021. 6. 10.,뉴딜경제과
62,담양군 사회적경제 육성 및 지원에 관한 조례,담양군,일부개정,조례,제2447호,2018. 12. 27.,2018. 12. 27.,풀뿌리경제과
63,당진시 사회적경제 육성ㆍ지원에 관한 조례,당진시,제정,조례,제661호,2018. 11. 15.,2018. 11. 15.,공동체새마을과
64,대구광역시 남구 사회적경제 육성 및  지원에 관한 조례,남구,일부개정,조례,제1350호,2021. 10. 29.,2021. 10. 29.,시장경제과 일자리창출팀
65,대구광역시달서구 사회적경제 육성 및 지원에 관한 조례,달서구,일부개정,조례,제1471호,2020. 12. 31.,2020. 12. 31.,
66,대구광역시 달성군 사회적경제 육성 및 지원에 관한 조례,달성군,일부개정,조례,제2690호,2020. 4. 29.,2020. 4. 29.,일자리경제과
67,대구광역시 동구 사회적경제 육성 및 지원에 관한 조례,동구,제정,조례,제1385호,2020. 7. 10.,2020. 7. 10.,경제정책과
68,대구광역시 북구 사회적경제 육성 및 지원에 관한 조례,북구,제정,조례,제1507호,2021. 9. 30.,2021. 9. 30.,일자리정책과
69,대구광역시 사회적경제기업 제품 구매촉진 및 판로지원에 관한 조례,대구광역시,일부개정,조례,제5322호,2019. 10. 10.,2019. 11. 1.,사회적경제과
70,대구광역시 사회적경제 육성 및 지원에 관한 조례,대구광역시,일부개정,조례,제5137호,2018. 8. 10.,2018. 10. 1.,사회적경제과
71,대구광역시 수성구 사회적경제 육성 및 지원에 관한 조례,수성구,일부개정,조례,제1458호,2021. 3. 30.,2021. 7. 1.,일자리경제과
72,대구광역시 중구 사회적경제 육성 및 지원에 관한 조례,중구,제정,조례,제1302호,2021. 11. 10.,2021. 11. 10.,일자리경제과
73,대전광역시 대덕구 사회적경제 활성화 지원 조례,대덕구,제정,조례,제1343호,2019. 5. 17.,2019. 5. 17.,공동체과
74,대전광역시 동구 사회적경제 육성 및 지원 조례,동구,일부개정,조례,제1422호,2020. 10. 7.,2020. 10. 7.,일자리경제과
75,대전광역시 사회적경제기업제품 구매촉진 및 판로지원에 관한 조례,대전광역시,제정,조례,제5815호,2022. 2. 17.,2022. 2. 17.,
76,대전광역시 사회적경제 육성 및 지원조례,대전광역시,일부개정,조례,제5426호,2020. 2. 7.,2020. 2. 7.,
77,대전광역시 서구 사회적경제기업 제품 구매촉진 및 판로지원에 관한 조례,서구,제정,조례,제1751호,2021. 4. 16.,2021. 4. 16.,일자리경제과
78,대전광역시 서구 사회적경제 육성 및 지원 조례,서구,일부개정,조례,제1804호,2021. 7. 30.,2021. 7. 30.,일자리경제과
79,대전광역시 유성구 사회적경제 육성 지원에 관한 조례,유성구,일부개정,조례,제1647호,2021. 7. 16.,2021. 7. 16.,일자리정책실
80,대전광역시 중구 사회적경제 육성 및 지원 조례,중구,제정,조례,제1358호,2020. 4. 10.,2020. 4. 10.,경제기업과
81,동두천시 사회적 경제 육성지원에 관한 조례,동두천시,일부개정,조례,제2059호,2019. 5. 20.,2019. 5. 20.,일자리경제과
82,동해시 사회적경제 육성 및 지원에 관한 조례,동해시,제정,조례,제1925호,2017. 12. 15.,2017. 12. 15.,경제과
83,동해시 사회적경제제품 구매촉진 및 판로지원에 관한 조례,동해시,일부개정,조례,제2161호,2021. 4. 9.,2021. 4. 9.,경제과
84,목포시 사회적경제기업 제품 구매 촉진 및 판로지원에 관한 조례,목포시,제정,조례,제3535호,2021. 12. 27.,2021. 12. 27.,
85,목포시 사회적경제 활성화 조례,목포시,제정,조례,제3287호,2019. 7. 1.,2019. 7. 1.,일자리청년정책과
86,무안군 사회적경제 육성과 지원에 관한 조례,무안군,일부개정,조례,제2470호,2019. 12. 30.,2019. 12. 30.,미래성장과 일자리팀
87,문경시 사회적경제 육성 및 지원에 관한 조례,문경시,제정,조례,제1407호,2021. 4. 7.,2021. 4. 7.,
88,보령시 사회적경제 육성 및 지원에 관한 조례,보령시,일부개정,조례,제1775호,2021. 9. 30.,2021. 9. 30.,지역경제과
89,보성군 사회적경제 육성과 지원에 관한 조례,보성군,일부개정,조례,제2393호,2018. 12. 28.,2018. 12. 28.,경제산업과
90,봉화군 사회적경제 육성 및 지원에 관한 조례,봉화군,제정,조례,제2236호,2019. 11. 18.,2019. 11. 18.,새마을일자리경제과
91,부산광역시교육청 사회적경제 활성화 지원 조례,부산광역시교육청,전부개정,조례,제5961호,2019. 7. 17.,2019. 7. 17.,재정과
92,부산광역시 기장군 사회적경제기업 제품 구매촉진 및 판로지원에 관한 조례,기장군,제정,조례,제1104호,2019. 8. 28.,2019. 8. 28.,일자리경제과
93,부산광역시 동구 사회적경제기업 제품 구매촉진 및 판로지원에 관한 조례,동구,제정,조례,제1200호,2019. 11. 11.,2019. 11. 11.,일자리복지국 일자리경제과
94,부산광역시 동구 사회적경제 활성화 지원에 관한 조례,동구,제정,조례,제1194호,2019. 10. 1.,2019. 10. 1.,일자리복지국 일자리경제과
95,부산광역시동래구 사회적경제제품 구매촉진 및 판로지원에 관한 조례,동래구,제정,조례,제1352호,2019. 5. 24.,2019. 5. 24.,일자리창출계
96,부산광역시동래구 사회적경제 활성화 기본 조례,동래구,제정,조례,제1351호,2019. 5. 24.,2019. 5. 24.,일자리창출계
97,부산광역시 북구 사회적경제 활성화 지원 조례,북구,제정,조례,제1353호,2019. 10. 16.,2019. 10. 16.,일자리경제과
98,부산광역시 사하구 사회적경제 활성화 기본 조례,사하구,제정,조례,제1260호,2019. 9. 20.,2019. 9. 20.,일자리복지과
99,부산광역시 사회적경제기업제품 구매촉진 및 판로지원에 관한 조례,부산광역시,제정,조례,제5928호,2019. 5. 29.,2019. 5. 29.,
100,부산광역시 사회적경제 육성 및 지원에 관한 조례,부산광역시,일부개정,조례,제6515호,2021. 9. 29.,2021. 9. 29.,
101,부산광역시 서구 사회적경제제품 구매촉진 및 판로지원에 관한 조례,서구,제정,조례,제1205호,2018. 10. 31.,2018. 10. 31.,복지정책과
102,부산광역시 서구 사회적경제 활성화 기본 조례,서구,제정,조례,제1204호,2018. 10. 31.,2018. 10. 31.,복지정책과
103,부산광역시 연제구 사회적경제 활성화 및 지원에 관한 조례,연제구,일부개정,조례,제879호,2019. 10. 21.,2019. 11. 11.,일자리경제과
104,부여군 사회적경제 육성·지원에 관한 조례,부여군,일부개정,조례,제2562호,2019. 11. 6.,2019. 11. 6.,경제교통과
105,부천시 사회적경제 육성 및 지원 조례,부천시,일부개정,조례,제3482호,2019. 12. 23.,2019. 12. 23.,일자리정책과
106,부천시 사회적경제 육성 및 지원 조례 시행규칙,부천시,일부개정,규칙,제2039호,2021. 7. 26.,2021. 7. 26.,일자리정책과
107,산청군 사회적경제 활성화 및 지원에 관한 조례,산청군,제정,조례,제2406호,2019. 6. 28.,2019. 6. 28.,경제교통과 일자리창출담당
108,삼척시 사회적경제 육성 및 지원에 관한 조례,삼척시,일부개정,조례,제1317호,2020. 12. 18.,2020. 12. 18.,경제과
109,상주시 사회적경제 육성 및 지원에 관한 조례,상주시,제정,조례,제1409호,2021. 11. 19.,2021. 11. 19.,
110,서산시 사회적경제 육성 및 지원에 관한 조례,서산시,일부개정,조례,제1644호,2021. 11. 1.,2021. 11. 1.,시민공동체과
111,서산시 사회적경제제품 구매촉진 및 판로지원에 관한 조례,서산시,일부개정,조례,제1607호,2021. 8. 1.,2021. 8. 1.,시민공동체과
112,서울특별시 강남구 사회적경제 활성화 및 지원에 관한 조례,강남구,일부개정,조례,제1550호,2020. 5. 1.,2020. 7. 1.,일자리정책과 사회적경제팀
113,서울특별시 강동구 사회적경제 육성 및 지원에 관한 조례,강동구,일부개정,조례,제1557호,2020. 12. 30.,2020. 12. 30.,사회적경제과
114,서울특별시 강북구 사회적경제지원센터 운영 규정,강북구,제정,훈령,제140호,2021. 2. 19.,2021. 2. 19.,
115,서울특별시 강북구 사회적경제 활성화 및 지원에 관한 조례,강북구,일부개정,조례,제1362호,2019. 4. 5.,2019. 4. 5.,마을협치과
116,서울특별시 강서구 사회적경제기업 제품 구매촉진 및 판로지원에 관한 조례,강서구,제정,조례,제1233호,2019. 5. 10.,2019. 5. 10.,일자리정책과
117,서울특별시 강서구 사회적경제 활성화 및 지원에 관한 조례,강서구,전부개정,조례,제1162호,2017. 11. 8.,2017. 11. 8.,일자리정책과
118,서울특별시 관악구 사회적경제 활성화 지원에 관한 조례,관악구,일부개정,조례,제1345호,2021. 4. 1.,2021. 7. 1.,일자리벤처과
119,서울특별시 광진구 사회적경제 기본 조례,광진구,제정,조례,제1014호,2018. 10. 26.,2018. 10. 26.,일자리정책과 사회적경제팀
120,서울특별시교육청 사회적경제기업 제품 구매촉진에 관한 조례,서울특별시교육청,제정,조례,제5778호,2014. 12. 30.,2014. 12. 30.,교육재정과
121,서울특별시 구로구 사회적경제 기본 조례,구로구,일부개정,조례,제1441호,2019. 11. 14.,2019. 11. 14.,일자리지원과
122,서울특별시 구로구 사회적경제기업 제품 구매촉진 및 판로지원에 관한 조례,구로구,제정,조례,제1252호,2017. 5. 11.,2017. 5. 11.,일자리지원과
123,서울특별시 금천구 사회적경제 기본 조례,금천구,일부개정,조례,제980호,2018. 8. 13.,2018. 8. 13.,지역경제과
124,서울특별시 노원구 사회적경제 활성화 및 지원에 관한 조례,노원구,제정,조례,제1445호,2020. 7. 16.,2020. 7. 16.,일자리경제과
125,서울특별시 도봉구 사회적경제기업 제품 구매촉진 및 판로지원에 관한 조례,도봉구,일부개정,조례,제1442호,2020. 11. 5.,2020. 11. 5.,자치마을과
126,서울특별시 도봉구 사회적경제 육성 및 지원에 관한 조례,도봉구,제정,조례,제1442호,2020. 11. 5.,2020. 11. 5.,자치마을과
127,서울특별시 동대문구 사회적경제 육성 및 지원에 관한 조례,동대문구,제정,조례,제1199호,2017. 11. 16.,2017. 11. 16.,일자리정책과
128,서울특별시 동작구 사회적경제기업 제품 구매촉진 및 판로지원에 관한 조례,동작구,제정,조례,제1424호,2019. 3. 7.,2019. 3. 7.,경제진흥과
129,서울특별시 동작구 사회적경제 활성화 지원에 관한 조례,동작구,일부개정,조례,제1478호,2019. 12. 12.,2020. 1. 1.,경제진흥과
130,서울특별시 마포구 사회적경제 기본 조례,마포구,제정,조례,제1211호,2019. 3. 28.,2019. 3. 28.,일자리지원과
131,서울특별시 마포구 사회적경제기업 제품 구매촉진 및 판로지원에 관한 조례,마포구,제정,조례,제975호,2014. 10. 16.,2014. 10. 16.,일자리지원과
132,서울특별시 사회적경제 기본 조례,서울특별시,타법개정,조례,제8127호,2021. 9. 30.,2021. 9. 30.,사회적경제담당관
133,서울특별시 사회적경제기업 제품 구매촉진 및 판로지원에 관한 조례,서울특별시,타법개정,조례,제7044호,2019. 3. 28.,2019. 3. 28.,사회적경제담당관
134,서울특별시 서대문구 사회적경제기업제품 구매촉진 및 판로지원에 관한 조례,서대문구,제정,조례,제1089호,2015. 11. 4.,2015. 11. 4.,사회적경제과
135,서울특별시 서대문구 사회적경제 활성화 지원 조례,서대문구,일부개정,조례,제1352호,2020. 4. 16.,2020. 5. 1.,사회적경제과
136,서울특별시 서초구 사회적경제 기본 조례,서초구,제정,조례,제1350호,2021. 9. 23.,2021. 9. 23.,일자리경제과
137,서울특별시 성동구 사회적경제활성화기금 설치 및 운용 조례,성동구,일부개정,조례,제1451호,2021. 9. 16.,2021. 9. 16.,
138,서울특별시 성동구 사회적경제 활성화 지원에 관한 조례,성동구,일부개정,조례,제1322호,2019. 7. 5.,2019. 7. 5.,일자리정책과
139,서울특별시 성북구 사회적가치 실현을 위한 사회적경제 기본 조례,성북구,일부개정,조례,제1282호,2019. 11. 7.,2020. 1. 1.,주민공동체과
140,서울특별시 성북구 사회적경제제품 구매촉진 및 판로지원에 관한 조례,성북구,일부개정,조례,제1022호,2014. 12. 26.,2014. 12. 26.,사회적경제과
141,서울특별시 성북구 사회적경제제품 구매촉진 및 판로지원에 관한 조례 시행규칙,성북구,제정,규칙,제577호,2012. 10. 12.,2012. 10. 12.,사회적경제과
142,서울특별시 송파구 사회적경제 활성화 지원에 관한 조례,송파구,전부개정,조례,제1489호,2019. 7. 1.,2019. 7. 1.,일자리정책담당관
143,서울특별시 양천구 사회적경제 활성화 및 지원에 관한 조례,양천구,일부개정,조례,제1569호,2021. 4. 5.,2021. 4. 5.,일자리경제과
144,서울특별시 영등포구 사회적경제 육성 및 지원에 관한 조례,영등포구,일부개정,조례,제1187호,2017. 10. 19.,2017. 10. 19.,사회적경제과
145,서울특별시 영등포구 사회적경제 육성 및 지원에 관한 조례 시행규칙,영등포구,일부개정,규칙,제785호,2015. 12. 28.,2015. 12. 28.,사회적경제과
146,서울특별시 영등포구 사회적경제지원센터 운영 규칙,영등포구,일부개정,규칙,제801호,2021. 8. 26.,2021. 8. 26.,사회적경제과
147,서울특별시 용산구 사회적경제 육성 및 지원에 관한 조례,용산구,일부개정,조례,제1345호,2020. 5. 15.,2020. 5. 15.,일자리경제과
148,서울특별시 은평구 사회적경제 기본조례,은평구,일부개정,조례,제1314호,2019. 11. 14.,2019. 11. 14.,사회적경제과 사회적경제팀
149,서울특별시 종로구 사회적경제 활성화 및 지원에 관한 조례,종로구,제정,조례,제1172호,2016. 6. 17.,2016. 6. 17.,생활경제팀
150,서울특별시 중구 사회적경제 활성화 및 지원에 관한 조례,중구,제정,조례,제1471호,2019. 11. 8.,2019. 11. 8.,사회적경제과
151,서울특별시 중랑구 사회적경제 활성화 지원에 관한 조례,중랑구,일부개정,조례,제1443호,2021. 7. 13.,2021. 7. 13.,일자리창출과
152,서천군 사회적경제제품 구매촉진 및 판로지원에 관한 조례,서천군,일부개정,조례,제2600호,2019. 10. 21.,2019. 10. 21.,지역경제과
153,성남시 사회적경제기업 제품 구매촉진 및 판로지원에 관한 조례,성남시,제정,조례,제3505호,2020. 6. 12.,2020. 6. 12.,지역경제과
154,성남시 사회적경제 활성화에 관한 조례,성남시,일부개정,조례,제3548호,2020. 12. 14.,2020. 12. 14.,지역경제과
155,성남시 사회적경제 활성화에 관한 조례 시행규칙,성남시,일부개정,규칙,제1925호,2019. 12. 2.,2019. 12. 2.,지역경제과
156,성주군 사회적경제 육성 및 지원에 관한 조례,성주군,제정,조례,제2222호,2017. 12. 14.,2017. 12. 14.,경제교통과
157,세종특별자치시교육청 사회적경제 활성화 지원 조례,세종특별자치시교육청,전부개정,조례,제1652호,2021. 4. 12.,2021. 4. 12.,교육협력과
158,세종특별자치시 사회적경제기업 제품 구매촉진 및 판로지원에 관한 조례,세종특별자치시,제정,조례,제1428호,2019. 12. 16.,2019. 12. 16.,참여공동체과
159,세종특별자치시 사회적경제 육성 지원에 관한 조례,세종특별자치시,일부개정,조례,제1714호,2021. 7. 15.,2021. 7. 15.,참여공동체과
160,세종특별자치시 사회적경제 육성 지원에 관한 조례 시행규칙,세종특별자치시,전부개정,규칙,제199호,2017. 9. 29.,2017. 9. 29.,참여공동체과
161,수원시 사회적경제 육성지원에 관한 조례,수원시,일부개정,조례,제4236호,2021. 11. 5.,2021. 11. 5.,사회적경제팀
162,순천시 사회적경제 활성화 조례,순천시,일부개정,조례,제2214호,2020. 12. 31.,2020. 12. 31.,지역경제과
163,시흥시 사회적경제 육성 및 지원에 관한 조례,시흥시,일부개정,조례,제1939호,2020. 7. 16.,2020. 7. 16.,일자리총괄과
164,신안군 사회적경제 육성 및 지원에 관한 조례,신안군,일부개정,조례,제2427호,2021. 11. 16.,2021. 11. 16.,
165,아산시 사회적경제 육성 및 지원에 관한 조례,아산시,전부개정,조례,제1975호,2020. 5. 14.,2020. 5. 14.,사회적경제과
166,아산시 사회적경제제품 구매촉진 및 판로지원에 관한 조례,아산시,일부개정,조례,제1742호,2018. 3. 15.,2018. 3. 15.,사회적경제과
167,안동시 사회적경제활동 지원 조례,안동시,일부개정,조례,제1282호,2017. 11. 17.,2017. 11. 17.,일자리경제과
168,안산시 사회적경제 육성 지원에 관한 조례,안산시,일부개정,조례,제2413호,2020. 10. 7.,2020. 10. 7.,
169,안성시 사회적경제 육성 지원에 관한 조례,안성시,일부개정,조례,제1742호,2021. 7. 9.,2021. 7. 9.,일자리경제과
170,안양시 사회적경제 육성 지원에 관한 조례,안양시,일부개정,조례,제3256호,2020. 11. 13.,2020. 11. 13.,일자리정책과
171,양산시 사회적경제 활성화 및 지원에 관한 조례,양산시,일부개정,조례,제1799호,2021. 12. 16.,2021. 12. 16.,일자리경제과(사회적경제팀)
172,양양군 사회적경제 육성 및 지원에 관한 조례,양양군,제정,조례,제2566호,2018. 10. 1.,2018. 10. 1.,경제에너지과
173,양주시 사회적경제 육성 및 지원에 관한 조례,양주시,제정,조례,제810호,2015. 12. 31.,2015. 12. 31.,일자리정책과
174,양평군 사회적경제 육성 및 지원 조례,양평군,일부개정,조례,제2854호,2021. 9. 27.,2021. 9. 27.,일자리경제과
175,여수시 사회적경제기업 제품 구매촉진 및 판로지원에 관한 조례,여수시,제정,조례,제1696호,2021. 12. 31.,2021. 12. 31.,
176,여수시 사회적경제 육성과 지원에 관한 조례,여수시,일부개정,조례,제1696호,2021. 12. 31.,2021. 12. 31.,
177,여주시 사회적경제기업 제품 구매촉진 및 판로 지원 조례,여주시,제정,조례,제869호,2020. 9. 29.,2020. 9. 29.,일자리경제과
178,여주시 사회적경제 육성 및 지원에 관한 조례,여주시,일부개정,조례,제769호,2019. 11. 8.,2019. 11. 8.,일자리경제과
179,영광군 사회적경제 육성 및 지원에 관한 조례,영광군,일부개정,조례,제2452호,2017. 12. 26.,2017. 12. 26.,인구일자리정책실(사회적경제담당)
180,영덕군 사회적경제 육성 및 지원에 관한 조례,영덕군,제정,조례,제2018호,2017. 12. 31.,2017. 12. 31.,새마을경제과
181,영암군 사회적경제 육성과 지원에 관한 조례,영암군,전부개정,조례,제2359호,2018. 8. 9.,2018. 8. 9.,일자리공동체팀
182,영양군 사회적경제 육성 및 지원에 관한 조례,영양군,제정,조례,제2305호,2021. 12. 17.,2021. 12. 17.,경제일자리과 인구일자리팀
183,영월군 사회적경제 육성 및 지원에 관한 조례,영월군,일부개정,조례,제2702호,2021. 7. 2.,2021. 7. 13.,경제고용과
184,영주시 사회적경제 육성 및 지원에 관한 조례,영주시,일부개정,조례,제1339호,2021. 5. 3.,2021. 5. 3.,
185,영천시 사회적경제 육성 및 지원에 관한 조례,영천시,일부개정,조례,제1092호,2021. 11. 8.,2021. 11. 8.,일자리노사과
186,예산군 사회적경제 육성 및 지원에 관한 조례,예산군,제정,조례,제2670호,2021. 5. 31.,2021. 5. 31.,산업건설국 경제과 일자리팀
187,예천군 사회적경제 육성 및 지원에 관한 조례,예천군,제정,조례,제2411호,2020. 10. 29.,2020. 10. 29.,새마을경제과
188,오산시 사회적경제 육성 및 지원 조례,오산시,일부개정,조례,제1952호,2021. 12. 23.,2022. 1. 24.,
189,오산시 사회적경제제품 구매촉진 및 판로지원에 관한 조례,오산시,일부개정,조례,제1971호,2022. 1. 13.,2022. 1. 13.,
190,옹진군 사회적경제 육성 및 지원에 관한 조례,옹진군,일부개정,조례,제2400호,2021. 11. 17.,2021. 11. 17.,
191,완도군 사회적경제 육성과 지원에 관한 조례,완도군,일부개정,조례,제2831호,2021. 12. 20.,2021. 12. 20.,
192,완주군 사회적경제 육성·지원에 관한 조례,완주군,일부개정,조례,제2896호,2021. 7. 1.,2021. 7. 1.,사회적경제과 소셜굿즈
193,완주군 사회적경제제품 구매촉진 및 판로지원에 관한 조례,완주군,일부개정,조례,제2666호,2019. 1. 3.,2019. 1. 28.,사회적경제과 소셜굿즈
194,용인시 사회적경제 육성 및 지원에 관한 조례,용인시,일부개정,조례,제2018호,2020. 5. 15.,2020. 5. 15.,지역경제과
195,울산광역시교육청 사회적경제 활성화 지원 조례,울산광역시교육청,제정,조례,제1992호,2019. 8. 1.,2019. 8. 1.,재정복지과
196,울산광역시 남구 사회적경제 육성지원에 관한 조례,남구,일부개정,조례,제1193호,2021. 9. 30.,2021. 9. 30.,소상공인진흥과
197,울산광역시 동구 사회적경제일자리센터 설치 및 운영 조례,동구,전부개정,조례,제1044호,2021. 6. 17.,2021. 6. 17.,일자리정책과
198,울산광역시 동구 사회적경제일자리센터 설치 및 운영 조례 시행규칙,동구,전부개정,규칙,제540호,2021. 9. 16.,2021. 9. 16.,일자리정책과
199,울산광역시 동구 사회적경제 활성화 및 지원에 관한 조례,동구,일부개정,조례,제958호,2019. 10. 31.,2019. 10. 31.,일자리정책과
200,울산광역시 북구 사회적경제 육성 및 지원에 관한 조례,북구,제정,조례,제1166호,2020. 12. 31.,2020. 12. 31.,경제일자리담당관
201,울산광역시 사회적경제기업 제품 구매촉진 및 판로지원에 관한 조례,울산광역시,일부개정,조례,제2244호,2020. 10. 29.,2021. 1. 1.,사회혁신담당관
202,울산광역시 사회적경제 육성 및 지원에 관한 조례,울산광역시,일부개정,조례,제2511호,2021. 12. 29.,2022. 1. 13.,
203,울산광역시 울주군 사회적경제 육성 및 지원에 관한 조례,울주군,일부개정,조례,제1264호,2020. 12. 31.,2020. 12. 31.,일자리정책과
204,울산광역시 중구 사회적경제 육성 및 지원에 관한 조례,중구,일부개정,조례,제1042호,2020. 8. 3.,2020. 8. 3.,일자리기업과
205,울진군 사회적경제 육성 및 지원에 관한 조례,울진군,일부개정,조례,제2471호,2020. 7. 20.,2020. 7. 20.,일자리지원팀
206,원주시 사회적경제 기본 조례,원주시,일부개정,조례,제2055호,2021. 12. 31.,2021. 12. 31.,
207,의령군 사회적경제 육성 및 지원에 관한 조례,의령군,제정,조례,제2447호,2020. 12. 16.,2020. 12. 16.,일자리경제과 일자리경제담당
208,의성군 사회적경제 활성화 조례,의성군,제정,조례,제2785호,2021. 7. 15.,2021. 7. 15.,일자리창출과
209,의왕시 사회적경제 육성 및 지원에 관한 조례,의왕시,일부개정,조례,제1723호,2019. 11. 28.,2019. 11. 28.,기업지원과
210,의정부시 살기 좋은 마을 만들기 및 사회적경제 육성 지원에 관한 조례,의정부시,일부개정,조례,제3184호,2022. 2. 9.,2022. 2. 9.,
211,이천시 사회적경제 육성 지원에 관한 조례,이천시,일부개정,조례,제1569호,2019. 12. 27.,2019. 12. 27.,교육청소년과
212,익산시 사회적경제 육성 및 지원 조례,익산시,일부개정,조례,제2156호,2021. 9. 27.,2021. 9. 27.,일자리정책과
213,인제군 사회적경제 육성 및 지원에 관한 조례,인제군,전부개정,조례,제2540호,2020. 12. 31.,2020. 12. 31.,경제협력과
214,인천광역시 계양구 마을만들기 및 사회적경제 육성 지원에 관한 조례,계양구,일부개정,조례,제1365호,2021. 9. 24.,2021. 9. 24.,일자리정책과
215,인천광역시 동구 사회적경제 육성 및 지원에 관한 조례,동구,일부개정,조례,제1234호,2020. 5. 22.,2020. 5. 22.,일자리경제과
216,인천광역시 미추홀구 사회적경제 육성지원에 관한 조례,미추홀구,일부개정,조례,제1716호,2022. 1. 10.,2022. 1. 10.,
217,인천광역시 미추홀구 사회적경제 육성지원에 관한 조례 시행규칙,미추홀구,일부개정,규칙,제899호,2018. 4. 30.,2018. 7. 1.,일자리정책과
218,인천광역시부평구 사회적경제 육성 및 지원에 관한 조례,부평구,일부개정,조례,제1718호,2021. 4. 19.,2021. 4. 19.,일자리창출과
219,인천광역시 사회적경제기업 생산제품 구매촉진 및 판로개척 지원에 관한 조례,인천광역시,일부개정,조례,제6016호,2018. 11. 5.,2018. 11. 5.,
220,인천광역시 사회적경제 육성 및 지원에 관한 조례,인천광역시,일부개정,조례,제6757호,2021. 12. 30.,2022. 1. 13.,
221,인천광역시 사회적경제 육성 및 지원에 관한 조례 시행규칙,인천광역시,일부개정,규칙,제3089호,2018. 10. 8.,2018. 10. 8.,
222,인천광역시 서구 사회적경제기업 구매촉진 및 판로지원에 관한 조례,서구,제정,조례,제1716호,2019. 11. 18.,2019. 11. 18.,공동체협치과
223,인천광역시 서구 사회적경제 육성 및 지원에 관한 조례,서구,전부개정,조례,제1487호,2016. 7. 8.,2016. 7. 8.,공동체협치과
224,인천광역시 연수구 사회적경제 육성 및 지원에 관한 조례,연수구,일부개정,조례,제1400호,2021. 12. 20.,2021. 12. 20.,
225,인천광역시 중구 사회적경제 육성 및 지원에 관한 조례,중구,일부개정,조례,제1423호,2020. 12. 23.,2020. 12. 23.,일자리경제과
226,장성군 사회적경제 육성과 지원에 관한 조례,장성군,전부개정,조례,제2257호,2017. 7. 10.,2017. 7. 10.,경제교통과
227,장수군 사회적경제 육성 및 지원 조례,장수군,제정,조례,제2556호,2021. 12. 15.,2021. 12. 15.,일자리경제과
228,장흥군 사회적경제 육성 및 지원에 관한 조례,장흥군,제정,조례,제2485호,2020. 8. 14.,2020. 8. 14.,지역경제과
229,전라남도교육청 사회적경제기업 제품 구매촉진 등에 관한 조례,전라남도교육청,일부개정,조례,제5354호,2021. 7. 1.,2021. 7. 1.,재정과
230,전라남도 사회적경제기업 제품 구매촉진 및 판로지원에 관한 조례,전라남도,일부개정,조례,제5345호,2021. 7. 1.,2021. 7. 1.,사회적경제과
231,전라남도 사회적경제 육성과 지원에 관한 조례,전라남도,일부개정,조례,제5503호,2021. 12. 30.,2021. 12. 30.,
232,전라남도 사회적경제 육성과 지원에 관한 조례 시행규칙,전라남도,일부개정,규칙,제3259호,2021. 5. 20.,2021. 5. 20.,사회적경제과
233,전라북도 사회적경제기금 설치 및 운용 조례,전라북도,제정,조례,제4810호,2020. 8. 14.,2020. 8. 14.,사회적경제과
234,전라북도 사회적경제 기본 조례,전라북도,일부개정,조례,제4726호,2019. 12. 31.,2019. 12. 31.,
235,전라북도 사회적경제기업 제품 구매촉진 및 판로지원에 관한 조례,전라북도,제정,조례,제4728호,2019. 12. 31.,2019. 12. 31.,
236,전라북도 사회적경제 혁신타운 설치 및 운영 조례,전라북도,제정,조례,제5057호,2021. 12. 31.,2021. 12. 31.,
237,전주시 사회적경제 활성화 기본 조례,전주시,일부개정,조례,제3742호,2020. 12. 28.,2020. 12. 28.,
238,정선군 사회적경제 육성 지원 조례,정선군,일부개정,조례,제2816호,2021. 5. 27.,2021. 5. 27.,사회적경제팀
239,정읍시 사회적경제 육성 및 지원에 관한 조례,정읍시,제정,조례,제1902호,2021. 12. 24.,2021. 12. 24.,
240,제주특별자치도교육청 사회적경제기업 제품 구매 촉진에 관한 조례,제주특별자치도교육청,제정,조례,제1605호,2016. 4. 8.,2016. 4. 8.,교육재정과
241,제주특별자치도 사회적경제 기본 조례,제주특별자치도,일부개정,조례,제1781호,2016. 12. 30.,2016. 12. 30.,경제정책과
242,제주특별자치도 사회적경제 기본 조례 시행규칙,제주특별자치도,제정,규칙,제448호,2015. 6. 3.,2015. 6. 3.,경제정책과
243,제천시 사회적경제 조직의 육성 지원에 관한 조례,제천시,제정,조례,제1321호,2015. 12. 31.,2015. 12. 31.,지역공동체팀
244,진도군 사회적경제 육성과 지원에 관한 조례,진도군,일부개정,조례,제2337호,2018. 8. 20.,2018. 8. 20.,일자리투자과
245,진안군 사회적경제 기본 조례,진안군,제정,조례,제2547호,2021. 3. 31.,2021. 3. 31.,농촌활력과
246,진주시 사회적경제 육성 및 지원에 관한 조례,진주시,제정,조례,제1734호,2021. 12. 22.,2021. 12. 22.,
247,창녕군 사회적경제 육성 및 지원에 관한 조례,창녕군,제정,조례,제2639호,2021. 9. 16.,2021. 9. 16.,일자리경제과
248,창원시 사회적경제기업 제품 구매촉진 및 판로지원에 관한 조례,창원시,일부개정,조례,제1241호,2019. 8. 14.,2019. 8. 14.,일자리창출과(박민희)
249,창원시 사회적경제 육성 및 지원에 관한 조례,창원시,일부개정,조례,제1311호,2020. 2. 7.,2020. 2. 7.,일자리창출과(성지혜)
250,천안시 사회적경제 육성에 관한 조례,천안시,일부개정,조례,제2028호,2020. 6. 22.,2020. 6. 22.,일자리경제과
251,천안시 사회적경제제품 구매촉진 및 판로지원에 관한 조례,천안시,제정,조례,제1549호,2016. 7. 1.,2016. 7. 1.,일자리경제과
252,철원군 사회적경제 육성 지원에 관한 조례,철원군,일부개정,조례,제2447호,2018. 11. 13.,2018. 11. 13.,경제진흥과
253,청도군 사회적경제 육성 및 지원에 관한 조례,청도군,제정,조례,제2251호,2019. 1. 1.,2019. 1. 1.,경제산림과
254,청송군 사회적경제 육성 및 지원에 관한 조례,청송군,제정,조례,제2027호,2017. 12. 31.,2017. 12. 31.,미래전략과
255,청양군 사회적경제 육성 및 지원에 관한 조례,청양군,제정,조례,제2508호,2020. 12. 15.,2020. 12. 15.,사회적경제과
256,청주시 사회적경제 활성화 기본 조례,청주시,제정,조례,제1170호,2021. 9. 17.,2021. 9. 17.,일자리정책과
257,충주시 사회적경제 육성 및 지원에 관한 조례,충주시,제정,조례,제1729호,2019. 7. 19.,2019. 7. 19.,경제기업과
258,충청남도 사회적경제기금 설치 및 운용에 관한 조례,충청남도,일부개정,조례,제4804호,2020. 10. 5.,2020. 10. 5.,사회적경제과
259,충청남도 사회적경제 육성지원에 관한 조례,충청남도,일부개정,조례,제4136호,2016. 6. 8.,2016. 6. 8.,사회적경제과
260,충청남도 사회적경제 육성지원에 관한 조례 시행규칙,충청남도,일부개정,규칙,제3405호,2019. 12. 30.,2020. 1. 1.,사회적경제과
261,충청남도 사회적경제제품 구매촉진 및 판로지원에 관한 조례,충청남도,일부개정,조례,제4679호,2020. 4. 1.,2020. 4. 1.,사회적경제과
262,충청북도교육청 사회적경제기업 제품 구매촉진에 관한 조례,충청북도교육청,제정,조례,제4303호,2019. 8. 9.,2019. 8. 9.,재무과
263,충청북도 사회적경제 육성 지원에 관한 조례,충청북도,제정,조례,제4391호,2020. 5. 15.,2020. 5. 15.,
264,충청북도 사회적경제제품 구매촉진 및 판로지원에 관한 조례,충청북도,제정,조례,제4278호,2019. 7. 5.,2019. 7. 5.,
265,칠곡군 사회적경제기업 제품 구매촉진 및 판로지원에 관한 조례,칠곡군,제정,조례,제2616호,2021. 11. 12.,2021. 11. 12.,일자리경제과
266,칠곡군 사회적경제 육성 및 지원에 관한 조례,칠곡군,일부개정,조례,제2615호,2021. 11. 12.,2021. 11. 12.,일자리경제과
267,태백시 사회적경제 육성 지원에 관한 조례,태백시,일부개정,조례,제1995호,2021. 7. 9.,2021. 7. 13.,경제복지국 일자리경제과
268,태안군 사회적경제 육성 및 지원에 관한 조례,태안군,일부개정,조례,제1560호,2021. 5. 31.,2021. 5. 31.,주민공동체과
269,통영시 사회적경제 활성화 및 지원에 관한 조례,통영시,제정,조례,제1432호,2019. 7. 1.,2019. 7. 1.,도시재생과
270,파주시 사회적경제 육성 및 지원에 관한 조례,파주시,전부개정,조례,제1742호,2021. 11. 12.,2021. 11. 12.,도시재생과
271,평창군 사회적경제 육성 지원에 관한 조례,평창군,전부개정,조례,제2513호,2018. 12. 28.,2018. 12. 28.,일자리경제과
272,평택시 사회적경제 육성 및 지원에 관한 조례,평택시,일부개정,조례,제1926호,2021. 2. 26.,2021. 2. 26.,미래전략관
273,포천시 사회적경제 육성 및 지원에 관한 조례,포천시,일부개정,조례,제1076호,2018. 8. 8.,2018. 8. 8.,일자리경제과
274,포항시 사회적경제 육성 및 지원에 관한 조례,포항시,제정,조례,제1536호,2017. 12. 27.,2017. 12. 27.,일자리경제노동과
275,하남시 사회적경제 육성 지원에 관한 조례,하남시,일부개정,조례,제1900호,2021. 3. 12.,2021. 3. 12.,도시재생과
276,하동군 사회적경제 육성 및 지원에 관한 조례,하동군,일부개정,조례,제2374호,2019. 8. 30.,2019. 8. 30.,기획행정국 경제전략과
277,함평군 사회적경제 육성과 지원에 관한 조례,함평군,제정,조례,제2448호,2018. 11. 15.,2018. 11. 15.,일자리경제과
278,합천군 사회적경제 육성 및 지원에 관한 조례,합천군,제정,조례,제2587호,2021. 9. 24.,2021. 9. 24.,경제교통과
279,해남군 사회적경제 육성 및 지원에 관한 조례,해남군,일부개정,조례,제2992호,2021. 3. 9.,2021. 3. 9.,혁신공동체과
280,홍성군 사회적경제기업제품 구매촉진 및 판로지원에 관한 조례,홍성군,제정,조례,제2616호,2019. 4. 15.,2019. 4. 15.,일자리지원
281,홍천군 사회적 경제 육성 지원에 관한 조례,홍천군,일부개정,조례,제2631호,2019. 10. 14.,2019. 10. 14.,일자리경제과
282,화성시 사회적경제기업 제품 구매촉진 및 판로지원에 관한 조례,화성시,일부개정,조례,제1868호,2022. 1. 6.,2022. 1. 6.,
283,화성시 사회적경제 육성 및 지원에 관한 조례,화성시,일부개정,조례,제1867호,2022. 1. 6.,2022. 1. 6.,
284,화성시 사회적경제지원기금 설치 및 운용 조례,화성시,일부개정,조례,제1869호,2022. 1. 6.,2022. 1. 6.,
285,화순군 사회적경제 활성화 지원에 관한 조례,화순군,일부개정,조례,제2725호,2019. 12. 11.,2019. 12. 11.,일자리정책실
286,횡성군 사회적경제 육성 지원에 관한 조례,횡성군,제정,조례,제2427호,2019. 7. 15.,2019. 7. 15.,기업경제과
